location,date,temperature,humidity,rainfall,wind_speed,PM2.5,PM10,NO2,CO,O3,crop_yield
Location_A,2018-01-01,22.49080237694725,87.53571532049581,146.398788362281,5.986584841970366,16.24074561769746,29.35967122017216,6.452090304204987,1.3126466040849092,28.033450352296263,-3.17824104942567
Location_A,2018-02-01,15.411689885916049,88.49549260809971,166.48852816008434,2.1233911067827616,17.272998688284027,31.00427059120603,12.606056073988443,0.834659004285133,22.958350559263472,-5.804678371332115
Location_A,2018-03-01,27.237057894447588,46.97469303260209,58.42892970704363,3.663618432936917,28.24279936868144,67.11055768358082,9.991844553958995,0.8199282137790562,27.772437065861276,0.020090957601444415
Location_A,2018-04-01,27.150897038028766,48.526206184364575,13.010318597055903,9.488855372533333,48.625281322982374,68.50384088698766,12.615344229334267,0.2367409596089374,30.526990795364707,0.9241069795319465
Location_A,2018-05-01,17.440764696895577,64.75884550556351,6.877704223043679,9.093204020787821,20.351199264000677,59.75133706123892,12.792776902235275,0.8280952296489351,26.40130838029839,1.2561136442542105
Location_A,2018-06-01,34.39169255529117,78.75664116805572,187.8997883128378,8.948273504276488,33.915999152443405,75.312454101387,7.2123125512979875,0.3743760073868032,11.356818667316142,-1.2351079443110096
Location_A,2018-07-01,22.77354579378964,53.567451588694794,165.74750183038586,3.567533266935893,21.23738038749523,52.56176498949491,8.523105624369066,1.2230757730556556,12.236519310393124,4.816071880998516
Location_A,2018-08-01,30.444895385933147,49.93578407670862,1.1044234247204798,8.154614284548341,38.274293753904686,63.74043008245924,24.281758667148644,0.2036625124277265,20.753971856328178,0.03547255480553313
Location_A,2018-09-01,32.26206851751187,71.1649063413779,66.17960497052984,0.6355835028602363,22.439292868626488,39.51099932160482,23.240154458451602,0.9925804598972983,36.616382277289794,1.292427670733676
Location_A,2018-10-01,17.391884918766035,75.66223936114974,152.15700972337947,5.612771975694963,40.83868719818244,49.62773578186344,18.06832073454985,0.6985574257019694,10.762573802322855,-0.9448891906648167
Location_A,2018-11-01,15.628583713734685,71.82052056318902,62.871196215265336,5.085706911647028,46.30265895704372,34.9575337489325,15.259573075890744,1.1577715939602682,16.863944964748676,-0.8088346952896089
Location_A,2018-12-01,20.79502905827536,48.06106436270022,185.93953046851462,8.08120379564417,35.33615026041694,72.28763541126307,25.091801922477863,0.36119808244045015,36.77676995469933,1.9878837059330554
Location_A,2019-01-01,31.14880310328125,84.80456499617466,63.60069499437277,1.1005192452767676,19.117406501677667,45.626467317575376,25.45036914806233,1.3050228165588809,10.208563915935722,-3.3173486813333604
Location_A,2019-02-01,23.348220062975578,51.105390523536514,23.97307346673656,3.3761517140362796,47.71638815650077,39.39217592124531,17.969765543584153,1.084226542453249,20.90888807137882,3.082761649939204
Location_A,2019-03-01,34.24894589884222,52.58911479126821,99.44970117847708,3.0087830981676964,21.393619775098706,22.21321684127197,20.23910834949742,0.803750632520406,11.54436253749968,1.2982822214381708
Location_A,2019-04-01,33.165317719333075,51.978094533348624,28.97897441824462,4.89452760277563,49.42601816442403,34.523316290690026,21.803388685146963,1.1662674614602047,17.12912631977199,1.8127558600513929
Location_A,2019-05-01,22.355662654385064,71.61529152967897,126.70594215217893,5.357746840747585,13.611590802176332,70.11814973535428,13.019501624293396,0.3611259145597959,11.223254246642917,2.584706534870701
Location_A,2019-06-01,28.55128723684565,40.829391446392805,102.4186116598562,2.2649577519793795,35.806911616377995,30.461985740299486,22.273443452561647,0.6414294848207523,38.101899662102035,-1.8154555096581166
Location_A,2019-07-01,21.82132702100517,45.67367606202946,184.93872365571255,8.77339353380981,20.317665108606224,59.59904276205074,25.430555005030396,0.8772811362392472,25.889517350680194,0.8361164439268928
Location_A,2019-08-01,16.862055356117985,84.86078789766634,180.0836114326661,6.33101457273268,23.561191641948028,40.95257447675965,23.148891971755983,1.355954363933608,36.61259272795352,-2.3055172370167307
Location_A,2019-09-01,27.840632923085757,44.206998249752445,32.325742818922755,8.985541885270793,34.2571623863836,20.55182309699778,7.536788571650803,1.028902476751278,10.15184751538656,-0.6913392619674811
Location_A,2019-10-01,25.974675787331723,74.59475988463467,130.3922519005201,2.242693094605598,38.48716885390144,34.23494524980801,13.134992453981694,1.1450879671652339,29.48898697141644,2.1589680995617675
Location_A,2019-11-01,28.15225784600687,68.41543016677358,18.734953565618497,3.6771580305943354,20.608094707269018,34.63937860274501,29.32526386881114,0.6503368145334645,36.7613966553134,2.4741141687908437
Location_A,2019-12-01,30.896226070832967,65.1318546552596,115.38077692527182,4.925176938188639,17.80971951192178,63.34712691569032,12.019309061021396,0.13404235300403539,29.364168877215036,2.020834301188056
Location_A,2020-01-01,33.80917168705828,87.69642885012937,182.9728780440897,3.7015870025544437,10.618264661154697,75.69911375526353,15.704603707932858,1.4533167466611374,38.90859931267758,-3.342455342303369
Location_A,2020-02-01,20.888977841391714,59.25488643009626,170.22733430337138,3.1692200515627764,16.7797098674437,53.40807574750101,28.403869354019523,1.0744417153449621,27.101835102680948,2.348476287733863
Location_A,2020-03-01,27.300144533983396,89.50269250521316,28.016803047304805,5.183296523637368,45.094922877118215,64.44611706525227,22.4253935248817,1.083477717581953,20.784734536592655,-6.862288144104921
Location_A,2020-04-01,31.187223109570272,80.50566973395904,173.41446371602075,9.132405525564714,30.453695954437514,50.090977681231976,24.95737947416938,1.0099495030888712,31.0590063177311,-0.19183959740007872
Location_A,2020-05-01,32.800106836351326,56.89975784257679,75.1165905279888,0.93981939840869,33.13120563984696,22.156536427804525,16.639950453311506,0.8597024885906072,18.596237563848533,2.6145274360853334
Location_A,2020-06-01,15.610004998780989,41.86740943746072,164.52011213193165,3.601906414112629,15.08242050607539,51.334595603288264,24.249838827465272,0.4021494384955804,28.686714274570008,-1.6351323090712633
Location_A,2020-07-01,16.033634423372153,66.5677315784074,108.1270243220213,6.374299014982066,39.04365334890646,78.55112476775207,17.907508707529885,0.5521390621177443,33.85558584306111,1.1578756239454346
Location_A,2020-08-01,23.779428414112722,43.922819067113295,5.070148683091502,9.626484146779251,43.439204820488236,61.75845236562188,15.223823610356748,0.3426120480991841,14.69311128013258,-0.8445983120546003
Location_A,2020-09-01,25.984533294122407,75.72979613500311,132.03947534354626,2.7993389694594284,48.19461122652776,64.2738150017461,18.858851312785017,0.9564090447280931,22.588001872833697,-0.23304831499714573
Location_A,2020-10-01,22.119453573025233,77.89230552321845,2.8786977259511737,1.1607264050691624,11.84010568087011,22.44372813913821,26.38651460027518,1.085121003132033,24.225214872619755,-1.4770927355789003
Location_A,2020-11-01,24.832317502336647,63.67358853902829,34.640373982003034,4.33851649237973,25.94018937589494,56.951005883132986,20.877341271691094,0.16342561368086234,21.238378438794136,3.1879707150768892
Location_A,2020-12-01,25.062725171601755,82.82449205941612,131.738726323789,1.629344270814297,12.822749896017193,58.54515669237894,5.662782763540545,0.9200858137828486,38.20690724274873,-1.137580382484186
Location_A,2021-01-01,22.763398524130437,72.16441092211767,91.65057809830333,5.45616789315935,47.658592351061,43.16615826804646,29.029764095597855,1.3674908987384893,15.873734043678894,-0.10688548730016079
Location_A,2021-02-01,17.01556002754853,40.91109128257749,18.88859215118568,6.830067734163569,12.847545938409159,39.138537817625675,26.121882774236365,0.1325807100301562,34.43405447766807,-1.859539638392119
Location_A,2021-03-01,17.363296552433127,74.83685826820754,125.7885693559768,8.77472013527053,39.40284175215543,68.20885582309091,12.050864314282663,0.34841536129161194,32.51844254922575,1.3563655582261598
Location_A,2021-04-01,34.81010284001347,60.630883845571326,74.40361715855663,7.764129607419968,23.632141610120712,75.84543953621389,26.460318796075295,0.7005916383250256,32.52613203374492,2.9320393663012307
Location_A,2021-05-01,17.062477376718654,85.12764533397834,101.05047448957143,8.264574661077416,22.801984041224472,73.73139370977202,14.730041968354078,0.11517271207241771,37.16145929257791,-4.7682559519548375
Location_A,2021-06-01,21.3862727518083,87.50309835254025,190.12142938751123,5.734378881232861,35.27348848679197,46.90673131869919,12.330269292451614,0.5601303635178824,30.175553682311154,-3.3158361635480134
Location_A,2021-07-01,30.83158087451697,79.48090713972769,18.241220609738072,4.944203047025814,12.302350400665771,52.97173293942413,16.038262534334425,1.3427858558616197,20.52745037656236,-2.099153265852406
Location_A,2021-08-01,17.859833641056717,78.07553158587362,123.64361266325221,1.0112267612279024,13.364272244599897,62.0581478875472,6.819075159104838,1.2506040830064986,31.187266814694887,-1.2502799686940886
Location_A,2021-09-01,16.69675428170384,89.33197892505876,74.85415915122407,3.706421470668909,42.5119826903001,76.83491464303152,29.650026595571774,1.1547294593625184,21.287787565927474,-7.815055745094541
Location_A,2021-10-01,30.542938318548735,67.92021248679025,84.84440184939525,9.06354385094736,14.447899292246053,49.55750625745155,5.283841119185476,0.7561248987917767,11.689098270455121,1.504340050622976
Location_A,2021-11-01,17.350524935542097,72.46051510580318,149.20897585308467,5.833687650971596,48.486901938981674,42.49223477142225,12.142802157046518,1.3160387794652444,16.70787515558358,2.406757382600033
Location_A,2021-12-01,15.243089493796326,88.49394133538195,8.631982390115223,8.911431136980712,31.108044363451995,79.57788776715802,6.844914118384971,0.875395998161849,39.079076068572974,-6.149176538494421
Location_A,2022-01-01,27.58797276270525,74.78743444923086,90.90821295355465,6.275580800840634,33.372572476924006,74.06948062945935,6.136159508536447,0.4933484654291225,38.51234452229676,2.1428611657086405
Location_A,2022-02-01,24.11313505571426,71.00662989007684,55.476236596226535,1.881211597237613,28.547936197599284,41.20113368156317,19.5914027962718,0.20882849175097878,39.23184422998499,3.249816354839879
Location_A,2022-03-01,28.963234280394904,66.80481831720601,61.90552325726555,8.137950197069486,37.38924690215517,29.757016360693477,27.773179612346063,1.2515521400924365,38.49399739875772,2.8410416243700456
Location_A,2022-04-01,27.268303918715798,60.912151814530944,186.54569667080264,8.660638895004084,11.808746804247576,21.58201846983512,14.41158417195124,1.234774663094566,39.618283879448335,2.9439161428559983
Location_A,2022-05-01,26.8826143070427,59.04454283155108,193.98287956292063,8.421189231357086,43.533148188445516,48.12158958769822,15.37048755844163,0.48276990070298875,11.691264899527813,4.495142336928213
Location_A,2022-06-01,31.258020182601552,89.98588366430653,199.32736741478107,5.5543170560262745,40.75949660722042,76.68594379294568,26.241184766935287,0.44628734244047674,23.516324059302804,-7.076647054637105
Location_A,2022-07-01,34.08102054517445,70.308731722544,45.728561100692545,6.7170068440585675,34.72512961831583,41.48976308197043,7.8389398049907255,1.0402024738299194,25.6092310271138,1.8853571516015029
Location_A,2022-08-01,25.403270022239866,82.609075015927,110.38136775489711,5.609379715353863,45.0661441063338,44.208971972743825,8.350380711266018,0.14029574683867457,32.65411767020857,-1.685320194270977
Location_A,2022-09-01,29.08159536198447,50.64820807544554,27.27429511735395,0.14544665667881929,24.02350235226388,55.395061211277984,14.806101127493308,0.7124648908332206,37.12476083481245,1.511452489345108
Location_A,2022-10-01,25.279789783196215,79.18265063705715,79.30855646425402,6.220867002278735,44.49454834986981,76.97123741945853,8.676837023225948,1.3972226752260921,24.763488792386145,-1.4859070678732114
Location_A,2022-11-01,24.182715124765224,89.00162876427385,98.52361879857392,3.287516102875082,35.33603417266903,34.408737126691584,6.896583202716598,0.2804316106749089,13.841375168733173,-6.24498459643123
Location_A,2022-12-01,17.776543452988204,72.04373724016074,36.37601687982897,3.456672833238632,45.87153639624047,48.437698415772346,21.68894346302568,0.3412478196822818,15.768670564260123,-0.8021335413225066
Location_A,2023-01-01,18.37870126144329,53.92951695159793,35.40209685534936,0.8870253375705561,14.825434844024032,47.64672608196355,10.158342960144813,0.6099778054673056,25.10251812564571,3.0431792294214186
Location_A,2023-02-01,15.786242796821979,79.97051994545214,125.58007789818156,0.8175903194887191,44.94314496427109,75.25234403190879,6.526948996371594,0.4876287074060852,34.18603839379184,-0.928602815515421
Location_A,2023-03-01,18.690420387127546,50.467466166835514,74.0944205582764,4.845229851910213,34.73019086121184,42.134818374186345,16.563367903328697,1.1464593133872591,11.100496086717937,0.9607454778499073
Location_A,2023-04-01,29.26699171769105,84.76034188435997,102.33548842313323,5.321134852653157,14.286880453591042,46.84474200940728,18.315431661375577,0.4394587050886215,18.07729692848143,-3.138179479748391
Location_A,2023-05-01,15.401423955554527,56.10395827915892,42.28960139930893,3.2749735217791462,14.790485272770049,73.4316368443937,19.839811338851217,1.0507432468022855,33.67513715822015,2.1394487532244355
Location_A,2023-06-01,16.738405761748474,66.85532709092739,117.36822360417582,7.4543947418433,27.266381849187177,27.654818167733826,12.094397644968112,0.608315214958089,29.377517239948038,2.480409929783052
Location_A,2023-07-01,22.121934517956923,89.32576243964898,121.15496387137743,2.372267917359945,14.07129890481615,29.171548351059922,11.148943209612703,0.32495392256337796,15.597010721539172,-5.61469112061057
Location_A,2023-08-01,18.467471905895096,84.83827123132126,16.046749132328443,5.245113895702547,26.41587307958646,78.94271701451638,7.800972554201309,0.6569978386640383,39.08411299826106,-2.525708474399669
Location_A,2023-09-01,31.3414414189856,52.895141352246995,34.177517478013165,6.68643219924431,47.17503956510343,53.405773580835785,19.290317236747498,0.4919707311243978,33.084787995758106,0.6886859126433242
Location_A,2023-10-01,21.473584728084873,61.271821930820835,101.522075736891,2.4240973241508024,14.593472989568141,56.63720254649795,12.215763831006395,0.9137335099916571,14.63088145822607,3.39647222921035
Location_A,2023-11-01,25.651788651031715,42.591176841121346,67.32085563878411,1.3441467693897424,12.53499881891071,79.39761394339672,13.058846124368074,1.2338242241964887,17.639219642912916,0.9649044850165784
Location_A,2023-12-01,30.204557197793733,69.78193703039221,94.31523771003168,4.118409141472686,23.95473066171981,75.77174865486955,25.765485194693227,1.4510376749331175,13.728916704566341,2.699692072063112
Location_B,2018-01-01,33.76680913642076,49.061653308283006,13.299253473355499,7.4112064929005905,32.978924527196476,70.50972660549633,8.494309415657238,1.2133742366038462,16.048819601432335,-0.1521011965628773
Location_B,2018-02-01,18.285315958619858,80.72873601156911,133.03944413924003,5.230654247691193,24.3532193649401,72.6320324487865,14.811127685565884,1.2432392152602079,23.17404725710655,-1.5868199393124112
Location_B,2018-03-01,24.25359571339213,55.068893708207106,149.52187603525022,5.027203900924792,19.28850780587269,73.97447439647411,14.597280534330284,0.8609740055595839,37.19416332893641,3.8398511202572108
Location_B,2018-04-01,17.337960814167282,86.99160618067376,125.54161061428357,3.3490561465708613,15.570882906535491,67.64151135621776,20.50181889821284,0.84684552876685,36.816777491528725,-3.395472647346047
Location_B,2018-05-01,18.033497594655024,55.58610338977741,49.69782796289315,7.43946292572677,11.341297389431176,54.19338109227899,24.061467143517262,1.3274718914664492,20.262452461477224,3.5646740441125906
Location_B,2018-06-01,17.212634739104146,82.3226145867259,25.497732466396485,3.9728729056036727,41.89181463118214,28.995045640926428,10.731284880816037,1.111153595750293,31.601096096382232,-2.483639377385086
Location_B,2018-07-01,28.878968889342,67.13622216737981,50.35981178139055,3.4569599350391944,17.263908672057028,74.5070336800177,19.58479486915301,0.6611919834690958,23.860174109323978,3.8928022909428672
Location_B,2018-08-01,18.067028062321604,69.31149160083986,101.1777357768932,6.1145423543464785,10.72440735283362,72.3274345366491,28.30295706209031,0.8911864570248924,30.899524716306768,3.428169347527304
Location_B,2018-09-01,29.14477268626797,47.62695214571307,115.25767203336264,6.067150463828559,26.96522685209544,64.18665413748337,28.359175369225373,1.3957959180694868,23.525181142123962,0.3903916687018425
Location_B,2018-10-01,34.69682397924669,81.94490432229671,24.93253624065337,9.208418826173723,44.79585448248513,51.13028342756432,19.781885893623233,0.6586037854181823,11.64284916466094,-3.7195537524374678
Location_B,2018-11-01,31.057068971960227,40.23160115023014,66.69983433822884,3.9816869359094333,31.495824117516914,75.19133698476563,13.658649859149032,0.5857344826547187,32.125037443292456,-1.3511267627279193
Location_B,2018-12-01,19.49209645879964,62.621975806634666,28.17140407595997,1.763869865062233,29.934710909579188,45.13552697027288,27.8711475267025,0.6073514587632863,27.417650508341303,2.788126605182332
Location_B,2019-01-01,15.261889131766672,73.17686860083553,35.60719337395029,9.610703174694551,15.946509110124518,44.87744742362142,7.1337417019660965,1.4956239525843262,25.065850309937275,0.8893167255508366
Location_B,2019-02-01,16.34152954776855,77.49802351995889,41.981118619117154,8.980542894407137,18.205585619280285,31.441263239819996,5.913741696202372,0.7608937231539988,26.945233997878493,-1.8277169947389835
Location_B,2019-03-01,30.51055233390021,62.664441737401376,104.87805386551601,4.407627469382281,26.03052243501304,53.57841987849307,8.881006148267812,0.35469938269337953,35.85356863040552,4.378661777578944
Location_B,2019-04-01,22.46618632559506,53.53723365717769,128.79990864780316,4.087341710980964,11.015454226413794,29.36915584197142,22.899305721184938,1.022493518674212,10.812879775104506,2.3787382819125558
Location_B,2019-05-01,19.62149593176143,73.59463717993643,3.942107550872831,1.0410858198457384,41.996643414927576,30.712679723260017,21.31865269629687,0.43345589346541713,12.983241782780354,-0.4413169451704806
Location_B,2019-06-01,29.44533863711318,82.78482340531428,166.0439729133983,3.9718352961845484,36.723405462825845,32.29905772494926,12.328693256525332,1.3548701459295678,10.39005770532208,-3.160101716791062
Location_B,2019-07-01,19.157725102920544,41.32661019369099,36.287087017959465,5.830415609696922,26.856982023699917,73.56030266461849,25.436089043461024,0.5785442923770263,17.782703002938774,-1.2992644996311107
Location_B,2019-08-01,26.805898850296153,53.403182041143815,124.8297815698268,4.0941165219124045,32.08188723407921,46.167591748119,12.361643988547943,1.4278346297470195,32.908173824792826,1.8114414721835437
Location_B,2019-09-01,32.36935951795826,64.37155991247567,178.91044537881828,7.998552559473152,27.008540178769337,21.348158499207045,11.716933984623651,0.8582879005252136,29.00434659478442,2.276695182039212
Location_B,2019-10-01,17.78712148145648,81.74651183996495,196.88043614071043,5.256901823026858,16.86717143393214,36.338439591162135,5.459766913686669,1.3800183291846986,13.532532486704234,-0.9273534278592215
Location_B,2019-11-01,20.48110441374412,67.70890012578967,130.28407767037285,8.297418037072017,18.256850870424127,20.659749719508827,8.422140751720182,1.3600260985873471,36.216702326875456,3.195825685248277
Location_B,2019-12-01,27.010337208673068,73.25183372731277,35.07425572468992,9.144119459249598,26.750820995682925,42.98831169496985,17.97294263207094,0.16575235348507705,14.988501062682381,1.8782007533789955
Location_B,2020-01-01,16.65597335850253,70.1576054733194,49.06982193626419,3.8929561404197655,21.547749470827995,41.34036298789695,22.97614762960614,0.515970401872445,26.992139208906917,1.284786555109719
Location_B,2020-02-01,28.273423307252962,86.84148696623791,146.51441944205007,2.149403785907568,11.247325402451388,35.73584265798951,19.87694826750637,0.17199613887795048,24.890987416037092,-3.2124225738350387
Location_B,2020-03-01,21.684877816339217,78.54561018729109,21.31965062675436,0.7513778173580876,39.12755024814413,49.72947897237191,22.210059910693403,0.7087582740452446,17.392060997173203,0.009956678971005273
Location_B,2020-04-01,30.988317579379583,74.73482354272133,54.42902744599254,5.902306668690871,24.43895587760107,25.494924399598048,27.93283938655607,0.29154608328654597,38.50712061462407,0.3123052220198345
Location_B,2020-05-01,18.702658576772393,67.0950473689179,174.58916717528166,7.322248864095612,42.26244591445799,59.527002002643044,22.306914112946313,1.288873912191447,17.490040265775576,2.372940605708335
Location_B,2020-06-01,19.424188836392045,89.38340039983234,188.81186793732266,0.394268113685059,38.22300690062754,75.51489904493995,9.514383628183339,0.8951233227736812,37.46464892764126,-6.758445590741198
Location_B,2020-07-01,28.9484053449368,54.86745036862754,184.8792390753061,9.710582451653679,47.770659564537354,48.45285299944783,26.551066274732836,1.2823691579490986,19.573014197297667,3.7708890589262163
Location_B,2020-08-01,15.740152694309852,69.81349392410266,46.00176745754061,1.205668857772788,13.078128065168366,61.777326552688386,13.496874094201653,1.114673480140266,11.960690223968271,0.9588541973031818
Location_B,2020-09-01,25.789825847506744,79.53615824194819,63.750500586413985,6.2589137643700905,45.43910992944748,56.951791290938274,10.823986868840844,0.13416109417915323,36.1029662170279,-2.4573143690324253
Location_B,2020-10-01,32.49403345368399,66.4468567013606,187.81353970257925,7.987832357736654,49.9173644213335,41.04270892710261,24.17970722327817,0.6627032790529389,24.396268609117264,2.604214740180426
Location_B,2020-11-01,32.47354228372677,89.20417345996475,153.65468277290364,4.177667821673338,26.854280091082806,64.25493809533349,10.969428644207557,0.2546637583839525,20.638664729223294,-6.104165316900582
Location_B,2020-12-01,20.9261624091198,51.680387552495496,8.418637927272377,0.1787393473341381,49.50889558944126,45.66638802415174,14.608166178992041,1.0515061957702978,16.547616635951925,2.8975961279728875
Location_B,2021-01-01,30.726900288311043,44.47055011561297,83.51615515698568,8.791183075621646,47.78928089165641,48.044090674992184,20.335284730267695,0.3338475245289053,39.7350587841093,-0.7861545914400001
Location_B,2021-02-01,33.85463548270251,72.48233244961843,121.54735897577183,5.126885110165086,19.226792468710347,30.591681920330494,10.512155226754384,0.3610135670019563,33.3875342070026,0.8263232415939835
Location_B,2021-03-01,16.156853531267927,88.45513150704056,176.75717699268515,9.27752283195213,49.79631290585741,30.433714953169236,14.906050472566468,1.161533865985728,30.880618541613767,-6.6784706443640305
Location_B,2021-04-01,31.316662499812356,51.22202859183304,44.76352296452462,5.3697442289341355,33.71759739366813,54.80517247026867,7.287170934943871,1.3284452076825326,17.96800127766118,0.6956086496569106
Location_B,2021-05-01,32.774961597379544,87.78257491148767,172.42552345309014,8.09516074724878,36.20967922556087,53.05144223654836,7.174668997785254,0.6718344982989781,21.18065551036942,-5.477766271474151
Location_B,2021-06-01,29.468402273771698,64.79378675393855,16.209243181529587,2.2018320194981134,37.33035054638384,24.56785156941801,26.280172851219216,0.793205137819564,24.41759731979944,2.419390727221484
Location_B,2021-07-01,31.493619318502983,57.390460395109656,135.6032305118127,5.657319639957911,20.681130806776853,72.71779918130949,24.935650540173203,1.0218325685217957,35.51745187282726,4.127151745869937
Location_B,2021-08-01,29.167259534300698,81.85066641818361,139.49429233385672,6.801407717603004,34.74445512860737,65.16299837345846,8.965127632326842,1.3332190628785,36.15530583235696,-2.9475038175720236
Location_B,2021-09-01,31.516335011295254,46.44349337367226,67.02377085182837,7.435082562916078,16.430395841932327,69.07802144714373,25.803354448943548,0.8104548272651706,10.191576151505007,0.3471768535647962
Location_B,2021-10-01,27.338538367514843,89.05930890137117,126.36270540333368,2.5980358106415977,35.360228123984456,52.39912278295133,24.49613487877859,0.24977289435774178,32.83083707506084,-5.195674603438962
Location_B,2021-11-01,34.25984007717989,57.0936083019343,126.52437862678963,9.320281055100175,14.10038911962717,76.23370923418707,22.197143057520332,0.19497188274724067,19.028907008404488,3.3112414365267253
Location_B,2021-12-01,16.347012029375435,69.10852300881366,69.17661139059135,6.209155177674771,11.829681352500515,72.29220836914257,29.337224229434923,1.456428997399968,32.48955495228774,0.6277819857818794
Location_B,2022-01-01,30.16526391858045,41.229345822940076,4.424710305799451,3.2361021914954122,29.545727616186632,66.22444506846759,22.08238441516263,0.7242637889274476,18.208799988449975,0.4115845596931086
Location_B,2022-02-01,23.523626044719457,62.569351216483774,32.72476423833383,7.948095487499294,37.74728903125954,33.24617676732562,7.059526140396067,1.0526990229045983,29.63533642843406,2.0700489028623714
Location_B,2022-03-01,34.0172712450082,47.55289458904501,86.46696020852038,9.436159201675988,26.78909267704489,58.31155685984513,14.939859949069858,0.483901283288138,39.51932943879485,0.6127402287813667
Location_B,2022-04-01,32.881984073582686,51.49773029455431,42.62094080501666,0.3113408288451136,36.066673015035406,42.11158062342567,26.608956245990925,0.76249386936818,39.045802837441656,0.4381155975703228
Location_B,2022-05-01,32.37246335911222,78.82984263958708,154.1843689288104,8.447832281168877,40.440959637719956,57.573219297884926,8.28112194205969,0.14553665128775267,37.6254354344706,-0.3599195220993716
Location_B,2022-06-01,30.930745819523526,64.0761175756275,23.461637792478896,1.2518579220255044,37.422611489158854,45.818353693967765,10.013118167508418,0.7882323654380116,11.926268112254023,2.4967541785859773
Location_B,2022-07-01,20.379868088701954,79.87795503185941,62.07239178471475,4.552201490818012,10.464821596324025,24.346813267673532,14.81233891016712,0.7719143686039729,28.000616443579112,-1.3368572772408638
Location_B,2022-08-01,28.89963772253085,83.00611985946023,155.97019777866996,0.39618825348357145,29.220277890313156,26.295810705090492,11.051125396563187,1.481327630574005,14.274866287045397,-1.8632886160728364
Location_B,2022-09-01,27.36311468636238,75.12324852720519,111.92973669738282,0.09770847419183659,23.058452329759675,51.06269860308269,7.1966624786208335,0.5908777036928531,10.996093263740997,-0.0807210667945808
Location_B,2022-10-01,22.93846552403192,46.63578770215302,113.50816965231164,6.894649691372657,42.02346796436331,32.009014654688606,9.187064556476745,0.24639497646816036,29.0929074863091,1.9261070754949325
Location_B,2022-11-01,15.63172289651284,86.81061231218449,10.394256730294483,5.412963353010705,38.36242077803666,72.25814742476513,22.852173303310696,1.2224193162977086,20.183505776284182,-4.565059008122633
Location_B,2022-12-01,16.6022969276935,84.74083280302638,109.51847523074724,8.172977699624937,28.092731380732005,58.6146617117915,18.160066523402833,1.1242253304574648,12.448899460917687,-4.841108911502561
Location_B,2023-01-01,19.94206468020293,47.97723400565942,174.35671331844034,2.192139873580443,49.03461023276525,40.213747506266415,9.552947892217482,1.2055779099994708,29.761233265026284,1.5888529138349092
Location_B,2023-02-01,26.107271018752627,75.96008891361319,45.690948266259745,9.963339160567418,48.991726485871325,59.01954118081621,9.988561273228628,1.0523195394038078,12.165952269375275,-1.318812766895078
Location_B,2023-03-01,20.153657770224275,63.131147836965816,173.6545010816761,7.271690697663081,39.70826084799924,45.52960006688452,13.648374813674073,0.6194542681784437,39.62948691208173,1.7250399166986696
Location_B,2023-04-01,32.34062992244897,68.93377042861967,87.7230838379181,7.252576604151365,29.466757656988115,72.40539428489964,27.517546600281463,0.6904092976228375,18.304833917051546,2.014184768530777
Location_B,2023-05-01,33.24726691233382,50.53310945028333,124.59331671269655,6.3156022009252055,39.32452089661124,27.894061107635586,22.895624117052215,1.3726455289318975,15.39049326610726,0.7437556171964576
Location_B,2023-06-01,34.42790188083279,49.04884763547449,170.8770186739158,4.922778564480348,19.889242976127083,72.24499407635068,16.132631375066637,0.8207442955015662,20.77700108199297,1.9859957545445208
Location_B,2023-07-01,18.270477451700454,59.55407683258804,193.8824644670575,2.5813343270112754,36.269466581651685,39.511403853481696,24.336828142165015,0.28322312500568975,39.094631352356345,2.907170121438454
Location_B,2023-08-01,19.72100926692928,43.67483736650063,33.95158101750815,5.197739485560176,23.48012705725145,69.73300195295657,15.772188091545148,0.4481999816226818,28.5143495981209,0.7189783519828926
Location_B,2023-09-01,18.340838158018997,48.380960814415886,7.334285386708594,7.364020150656405,36.552181104872204,48.477852544988835,26.10426122422993,1.2279382141300745,27.560630931902566,1.8559339537952253
Location_B,2023-10-01,19.116824200735365,45.5959809698864,53.949922303397926,0.5708685608931485,31.24678112004128,76.19634153769769,5.983588516712741,0.2709538796140375,23.565970848503056,1.965727939483473
Location_B,2023-11-01,21.32312209953501,65.36174043441963,8.31457181007842,1.4834320096208886,49.46520491835388,77.90712178616273,5.12349952336024,1.4325364995925345,29.17359813446501,3.182111733199596
Location_B,2023-12-01,24.09479711267718,65.77980142896251,97.76931605138404,6.668642575461043,15.586050190252516,21.798415392360678,12.698248539779772,1.0865530678313053,16.05560356368845,3.728185422774277
Location_C,2018-01-01,34.398240922145405,44.69503578947092,134.52042364502526,4.437502193045711,44.72569017510021,30.628987366843155,22.315648805654114,1.2733614055073543,38.3384265842207,0.37898729237287304
Location_C,2018-02-01,24.94349528016855,70.8923620100607,173.78099689574364,5.706097466388297,11.215482387873475,75.85692173041866,22.238168775789028,1.047118740088145,16.470254571931516,3.2124026302455637
Location_C,2018-03-01,22.877288113083168,72.5616488520746,21.318606061598146,6.5784530460303605,49.97654903082666,22.89272233163336,29.429354605532932,0.6696711450120187,36.12260351011777,1.5369156794340975
Location_C,2018-04-01,26.340325219733355,76.92246046256633,175.7031122602696,4.0414032165103295,23.081326462529546,60.05560313381508,25.196148548531465,1.1671991886872621,33.93440946575903,0.5900160929865012
Location_C,2018-05-01,31.35668432350043,46.01045276853042,108.89781959216991,0.057586604981215705,22.98343319601081,41.98769209228387,14.904317290231385,1.073654089365807,21.65674303811037,0.920709455704368
Location_C,2018-06-01,19.75088261748655,58.662589581467,45.453925452630294,0.7319592376844364,34.13794373525512,60.092767913300975,20.487258650240364,0.7488916613208012,21.393573405376895,3.636220115541067
Location_C,2018-07-01,25.38163570272436,63.95909388148655,5.1284131612871375,3.4124782762615635,25.20782475143428,43.92936685381403,19.504309230683305,0.8470435654176298,28.23715278380334,3.4628915613771207
Location_C,2018-08-01,31.25971477432187,75.90615381132471,191.10473919098695,0.1823258267636163,17.831119427341843,20.453772498688526,21.186867853865074,1.3572427685299817,17.304468897288977,2.2462386820045346
Location_C,2018-09-01,16.205347805791217,86.72180134027572,70.32453744792689,1.0142082844921652,29.434870367453026,35.40659406323048,12.12182254904807,0.5302059508968012,34.0907769349799,-4.654814856436767
Location_C,2018-10-01,21.22615398312007,70.51668916554593,143.2301348446387,2.7262400073353374,26.54196406101406,27.313165600216855,9.528733738367007,1.0535649955509758,15.443150430868808,2.4170875589821073
Location_C,2018-11-01,29.180925234448654,45.34384615473719,113.4624439257807,2.5656278370136376,48.517075009503195,49.01273880319548,25.149813744378953,0.8703171590187664,11.302375985644575,0.9220968952565041
Location_C,2018-12-01,34.028066844133136,70.08059100731656,163.83777188535805,8.842064633484078,19.1231908779573,32.7226903944936,20.274524721274794,0.6754398577293865,35.19583908600161,3.1028061048596554
Location_C,2019-01-01,22.068427586054362,51.8435279487241,156.10510304877238,2.748060355481361,42.90457274054714,45.42429521892577,21.68874748228676,0.23374943936853546,28.71577974029719,2.3096280904072195
Location_C,2019-02-01,26.732169263509483,48.40071038724317,147.37474898883642,8.627970775432285,18.669592003631024,25.742873331209704,5.59096465115841,0.9987601006205723,28.212821082663424,2.5722251977216333
Location_C,2019-03-01,19.63894192231951,59.54529979527574,118.8952670372346,4.967668588591694,49.51142080859549,28.18638515340399,22.378613851189844,0.6660462753460089,22.84598844776844,3.2437781175924982
Location_C,2019-04-01,28.84872302648739,89.56279968510941,25.678857890825046,1.0410964938416634,38.97355268514964,54.70321502038455,11.854016663995147,0.21118711658458122,12.569747487892915,-4.9747622484616585
Location_C,2019-05-01,18.83734649437486,56.168578105776035,45.3312804453976,3.5499630583193733,12.776953709843735,51.14358745449622,6.690314089805373,1.2204991109513061,17.01136245731299,2.997669011326266
Location_C,2019-06-01,32.60158175122916,72.5438684523597,106.59155731026706,3.243337531153756,23.320076522327916,60.16921731189141,29.853484030529188,1.02657486578913,26.733502521100746,1.8086461378099705
Location_C,2019-07-01,24.30411224567436,43.00711713003926,112.45936317558196,9.576252845053801,17.012117694306387,61.400293449239946,10.023342216476411,0.8501587582623137,12.900293489401589,0.5805105686133191
Location_C,2019-08-01,30.12326657790492,57.3785762119491,132.9823448974436,7.954499607897292,47.087112779178106,34.078524911327214,14.982897895232703,0.3133824186625844,39.77450506475125,4.0231461626758485
Location_C,2019-09-01,25.79914260561119,82.10166471882107,104.19159545440844,6.2358568800275975,13.564977284640666,65.31622522980848,8.192837090880872,1.2564946823535397,33.46084263011158,-0.5972579685734821
Location_C,2019-10-01,15.723207610495242,55.15641779726643,52.62251398216857,3.6013640747151907,13.505709870553542,76.21746938186376,18.845056017809405,0.5277340349212329,21.9094455122285,2.050963777910077
Location_C,2019-11-01,27.011886667212345,65.7839713848249,183.87839464288348,4.969634829058302,49.6863205929325,71.08549746470575,10.212762858933395,1.4028333005014828,13.490991936564283,3.900866928818208
Location_C,2019-12-01,22.6124658695316,83.89871602225347,173.61133802149007,8.059254001176212,41.601217452282455,38.280748345882444,7.022982076281305,0.664172250271226,15.20573544959526,-1.7178336803582872
Location_C,2020-01-01,21.92199453075571,88.78051004299574,128.1944154690664,8.224805636343609,15.300986909673938,71.72086893635736,28.06892976283486,0.7818866863465102,28.187588132529324,-4.029226315804275
Location_C,2020-02-01,18.496772545208252,65.12830382317212,79.73260555446262,1.4637399216224911,24.70137689166126,24.090338563129613,5.645297673737175,0.28923280481675184,38.89345334767522,2.810856446571578
Location_C,2020-03-01,34.3164432230644,61.6248939165066,62.363226617051915,5.061418628402441,27.580467545316406,26.339881055704634,21.020657867255157,0.4024534555134395,28.587638646934888,2.6062395350160137
Location_C,2020-04-01,18.04049706257296,43.06748135553341,156.15231721368795,4.5980042376932015,12.32655182021903,79.69197903018602,6.444514024909166,1.0730493204019744,39.51036775790241,-0.1641229657498987
Location_C,2020-05-01,17.844987373743923,46.069246971121444,60.65502951351911,1.010458110106467,37.68645366776528,23.737507887803762,17.735553203744743,1.4953755953941674,34.41910808518057,0.765248000532946
Location_C,2020-06-01,21.125072415732234,71.19479181458192,105.40829278233032,4.260833838903714,15.22841506960798,73.196252914428,16.24461622053306,0.37247151654907107,21.03278052631869,1.899031982349447
Location_C,2020-07-01,31.550757911337485,76.6807190280701,153.86097872826795,0.11031264428647214,26.64615992719046,48.88064909811942,5.479806920576417,0.46373849224304786,32.80869469366405,-0.6186754219849417
Location_C,2020-08-01,25.706202629051834,50.76009360086188,2.4241549287786546,2.412014575995415,49.03495019640215,68.09222671297937,28.989416108025836,0.7829956614969074,13.292085960325105,1.5266601523755372
Location_C,2020-09-01,24.08754669119922,82.2178541369808,19.616516156848917,4.882411370217782,16.00194658775937,39.480555613403595,23.43392693469499,0.7664253811162731,21.276648554373082,-2.2175229195367523
Location_C,2020-10-01,24.188935368119733,79.25082719185284,178.41693778804688,9.553346865039282,41.4761354502118,38.924413744880766,22.203367652163553,0.7126443736775486,17.640118661381536,0.650621307615455
Location_C,2020-11-01,15.7685269792465,85.08809960677118,92.29549292494683,6.3720147680828045,36.37415688823131,73.70706444239218,20.916742054180183,0.9595070186640864,11.999561216820698,-4.066277387967801
Location_C,2020-12-01,18.003380016340834,76.87168843607428,102.4443841625349,6.802277792083533,11.666916024095372,25.087520962748194,22.908084701567056,0.20091807039814272,12.137701832957758,-1.2499374397772547
Location_C,2021-01-01,34.1300279659896,76.87541797295034,70.65028170041283,2.9653558128765525,23.988129189833984,66.47921187087091,21.534265276760358,0.3592737950144551,15.22328006002253,-1.7280383031373037
Location_C,2021-02-01,28.206054394026765,78.2186331110868,53.0092856650008,0.20944961030912812,13.286866699057093,78.07160209070183,12.386119436935505,1.1769124069733872,28.739907065627914,-0.4007069532052726
Location_C,2021-03-01,19.113745243911104,46.06932090797032,123.00259360777332,7.74633780637788,35.75617014164523,51.8181279949495,6.048780585790906,1.4558842886321373,33.961425749637236,0.43074971926402805
Location_C,2021-04-01,34.599406587177015,70.09407948181611,116.4845316414493,7.4807317942953215,42.4707915236055,59.38871643989016,8.202393659155,0.5735745083922977,37.8425092097815,0.3844392525635579
Location_C,2021-05-01,22.443340476750265,61.6038441472098,87.88099793889043,6.129395824945255,47.7230335097883,34.4415627099503,8.037534407522951,0.3764586858039122,36.60774700627809,3.2509131737254475
Location_C,2021-06-01,20.7181357847832,80.79734694843086,172.2739992726872,8.465143386902781,46.75706134558218,35.134461210401696,23.87604821865696,0.744755296183796,35.25995658670185,-0.6356996937595423
Location_C,2021-07-01,30.528948929994492,72.80809188405357,35.48575389394137,5.450269188969383,49.38678958098033,76.24328398982713,6.079343394925292,0.33074074202121195,13.951863203636858,1.360674334048273
Location_C,2021-08-01,31.3557065971389,50.675568315533596,101.1705385903658,8.407030280112,39.31206179065002,52.5342323295109,19.75869226146932,0.8117047656827919,18.92645353956462,1.9436901872292245
Location_C,2021-09-01,28.777706041001814,83.66614579304039,127.25827079584961,7.61121537043158,16.402865398182918,47.693448465187394,5.233290495677332,0.44535041033027223,31.793851453390147,-0.5122442011897408
Location_C,2021-10-01,16.983561991744317,60.074715793064414,160.0141937398319,2.0403563462889887,32.20339797209145,63.98427776178049,20.399636256504476,0.3632346284615826,20.661537060572183,3.6606933922490814
Location_C,2021-11-01,26.084530282640333,40.261480677145634,152.19815200561877,0.3531135494023907,39.82935130924929,32.14883360991425,28.951837002984504,0.6151170518229182,19.807948490142373,-1.7863039951159938
Location_C,2021-12-01,21.112084309804295,83.83253809141003,199.26686752544947,3.683095305068483,27.9444252381817,63.32425629216422,27.154894511626864,0.9302620678614978,21.745770945334883,-2.4272951926325836
Location_C,2022-01-01,28.912362929936137,40.16091318021393,123.91786749196814,3.554930104413574,41.76789325108337,25.57943838938793,19.705056673709763,0.7733620458405732,29.26976577715682,-2.3072178062354975
Location_C,2022-02-01,26.599675748562625,68.07422939797618,112.13201888323418,6.034876665964548,37.05871748905449,68.29933998084618,11.745518003205358,1.255069174252087,24.94767046790361,1.255683973289199
Location_C,2022-03-01,16.171018584879583,56.711915934803045,156.97939542229352,7.076809347409157,41.54459858689626,51.03614338649656,16.004974948887266,0.30643353738879753,19.845782608279347,2.208389257922857
Location_C,2022-04-01,16.772008593592346,51.03059763556056,119.64505881274776,7.356631142391898,49.93390045571799,75.98679988061346,21.06412998837979,0.6897472746117007,29.08532094124698,2.264360625714977
Location_C,2022-05-01,17.366723818467747,60.495244484814414,167.96045712712345,3.83832951933044,32.874890849087464,55.26616165173189,9.611906328340984,0.6071296183132037,20.035338662257963,1.5796538073337856
Location_C,2022-06-01,15.483835277827104,81.58485218378868,54.61416199456248,5.180787662388155,21.949022943550922,76.44075470692043,11.482418971644343,0.701519537834509,36.181907514538054,-1.3195654863945743
Location_C,2022-07-01,18.722028356925545,80.13216548978552,91.63737734757854,4.829688720853552,15.33919889663775,24.83609082542748,23.19848267434413,0.7950456132974196,23.105521078455386,-0.3392273845746932
Location_C,2022-08-01,30.310257979822197,47.94540838346768,122.04502989552826,1.3535408227768553,40.05500344116183,59.41730937602837,28.91536552708645,0.19654122289898965,11.71164163453763,0.6314124609267744
Location_C,2022-09-01,20.23411367471812,52.348939953599995,181.25091610420733,2.495461998495061,20.87798904514524,65.56389574507782,16.2434960612635,1.1873947797372537,11.960984726931557,2.9764494970343773
Location_C,2022-10-01,15.672272003665652,43.13266017276773,181.28749066888219,1.3924537111759516,31.296827291008682,44.66573615604239,13.683583156471068,1.3597666839621814,10.654701903264685,0.4198975102769378
Location_C,2022-11-01,34.26788868427101,68.0084091730921,187.36449240661835,0.5225787928602377,26.751732762966455,35.60946745772307,23.270524124518246,1.4738159266961453,17.695901873327436,2.6313225884737603
Location_C,2022-12-01,18.961952655194803,68.2665127285805,92.78649733766724,9.72005329631537,34.341090907858664,40.97038232520913,7.852394622198334,0.31174556022890837,16.759507898537052,1.4035542220311492
Location_C,2023-01-01,32.01232115682276,68.06113941412625,104.6781822748733,1.1476887186921747,44.4055877339774,63.36885819250902,6.69170904750004,1.090969136121676,26.30614652027938,0.6719919368561158
Location_C,2023-02-01,24.16601283057313,64.23481435650234,33.15490803265515,9.456981470002823,43.99901485922648,60.1413402397465,16.55738902501518,0.6764717582183118,29.529204014528624,2.5702240886212406
Location_C,2023-03-01,16.24546211763771,65.62513243851659,161.2807234465679,4.59239877596958,12.078263102170737,67.17669196304199,10.03409455339936,0.4620691688432542,14.941190602968877,2.372302119424244
Location_C,2023-04-01,30.1350301137727,65.96929297519686,40.97625483014251,8.778300781520409,45.18327419806117,72.23470550276042,10.969905284538482,0.7317350818533833,39.54968968422625,2.8875442373432043
Location_C,2023-05-01,15.543348424511196,43.2602295630246,92.78627536246655,9.092202058615602,31.54807191810857,49.868750482057415,7.636842498915764,1.0194921466140117,34.66309481800677,-0.7986201970446138
Location_C,2023-06-01,30.51223701850655,88.22383269504058,40.753291825537815,5.233296311947413,21.485518323383022,67.57126514203037,19.43983414702894,0.9884153845704252,33.93742478847682,-5.502125720281256
Location_C,2023-07-01,33.301801368140865,66.65144336230699,31.5909645670696,6.958991181688025,41.73045401753018,39.0057006240516,26.429481424968824,1.368600556672073,18.307134621334267,2.8779992988002894
Location_C,2023-08-01,17.81423056097517,50.1007834201245,36.844967847605226,8.939897100078705,36.17170209299847,29.126256993336373,16.008085459208722,0.9614172350977228,12.503922549681498,2.4516613347469334
Location_C,2023-09-01,31.072070708830704,65.26033867883191,193.42532305183408,4.177609792750997,49.36441276145991,60.07519992821762,20.866781831348536,0.332336853414099,36.45783274913932,2.4082275483877833
Location_C,2023-10-01,18.24466811564959,40.630375998787954,111.95113672767651,5.2739962212267635,38.774144894766344,73.41548318106813,6.985164616075738,1.1240950864765074,15.622358322927466,0.08078387089327993
Location_C,2023-11-01,31.38127027723312,67.03968774927722,142.0485597246623,3.1435011318374837,28.846715957312586,69.2982138626283,16.481629929330346,0.6009175714556184,24.826373417508997,3.5504617979111854
Location_C,2023-12-01,21.704160947417456,48.68807965678719,142.40280406615616,8.259782127080818,14.025499140941333,34.39244676535668,8.549299744024847,0.5871179762150333,23.510529367162377,3.2042690818444237
Location_D,2018-01-01,28.02295169763348,71.04642837392156,70.47498932193088,8.4144755308476,28.85148669592658,78.74629628090926,20.85355345739342,0.2767706381903038,30.28532686226302,1.2305035565482416
Location_D,2018-02-01,28.72654393372195,43.48205740812028,34.97628743519188,8.557372589057863,19.087182280940596,70.22246751457641,11.98190221136026,1.0000346740821906,30.82451720529493,0.3439874572927647
Location_D,2018-03-01,21.106213533934625,50.632218818554804,6.637870912485244,3.039464012407238,36.126511621251325,76.29828910690895,26.7801120565763,1.1724906871494236,33.653420297598956,2.0086437389320957
Location_D,2018-04-01,20.205737151320058,85.3597515352915,134.1464623811668,5.6044063098044,14.439578768539242,46.82333262838553,16.50895678004816,1.310389053331738,26.399446605633653,-3.302966726293724
Location_D,2018-05-01,34.53600657021319,45.536029666315784,84.50968566238892,0.4202467517140529,39.59616483067721,75.08459313194903,12.000933238762236,1.3016783475187692,18.766546913856935,1.2415076930340616
Location_D,2018-06-01,30.079238071935677,80.24533884207193,3.6013111200909,9.62810357074026,39.066839682812926,38.285065723168,25.734866621471173,0.4941296777809019,36.18261518698384,-3.039661775251777
Location_D,2018-07-01,29.073719549215916,67.03492383224551,19.306894039088164,2.41893828258839,10.496161451092592,48.12607792787035,12.531631519000008,0.9377004780168623,18.917134231258515,2.0001988175929455
Location_D,2018-08-01,29.863863974632068,42.40714179891767,180.57899903839746,8.522638743911815,36.71218732905626,55.593294206443055,27.307562453491308,0.35946225134020027,12.369074865724858,-0.7175521906665705
Location_D,2018-09-01,30.891565574003806,41.733513336324165,116.56136701669793,9.954375161913099,44.227843753501574,51.28674134261537,6.591022732166058,1.2639229201399937,27.969355245316315,-1.7066120755998413
Location_D,2018-10-01,16.877145696467124,85.48134097182961,133.84005258761567,8.292867993167555,45.15915601129069,54.30634112289933,17.936158793876032,0.7025983744493862,19.50839763373358,-4.262351560241009
Location_D,2018-11-01,30.477593114603128,70.09617155075658,178.5046579909692,4.433800143791878,34.28358314875016,57.87845318551932,19.79242905765814,1.0836872823197228,17.123004051244187,2.226651605926093
Location_D,2018-12-01,17.084496056166955,59.22556638224063,97.53341372425288,6.522242595454725,48.02124210344814,56.039063992901355,23.589847904413993,0.8087724832932838,29.02312094128994,0.8715908947779581
Location_D,2019-01-01,20.08783161683694,58.09265466025693,94.49867100130271,0.45648745502383736,15.600963902132708,36.60885846747834,29.288317272526267,0.5638858099442711,24.461231743362475,2.178210397757912
Location_D,2019-02-01,27.215601421515366,54.03416077579872,41.398515687685354,5.16572628445979,10.220231966416833,20.45984195895352,10.476720227546444,0.1514099075011496,13.24077262392074,2.5094014117704857
Location_D,2019-03-01,31.051713591596258,68.60243216846504,102.53354519128328,2.9348882320812164,47.270148777312656,43.8209024742315,7.177319169894288,0.9638931225649218,13.415151804298041,1.4249102210387656
Location_D,2019-04-01,25.148238774356177,83.71112623425878,98.70931606802374,7.022587660316643,49.712673559962816,27.889347193878898,11.868288137987989,0.6524065058367049,22.65484535616494,-3.0087213667541586
Location_D,2019-05-01,33.152220051131096,75.70163222334281,121.58104281814074,3.093727178627821,42.95161536885179,77.30363068909934,25.529957063755663,0.10219114726806207,29.09204110550221,-1.483019981989399
Location_D,2019-06-01,20.152144406674438,42.97623501738858,120.75909058987754,6.865899134926067,14.579505522636204,43.030332982698766,16.405912723888548,0.6166742304652831,13.63075001455579,0.2718868054509571
Location_D,2019-07-01,30.02356095616836,43.550383226662774,16.03600281638069,3.547712918359842,47.669028464757005,60.11435880337484,21.96674891681412,0.6066879871730109,27.809823736256153,-2.020735058998114
Location_D,2019-08-01,27.721920928190844,85.66434737881184,122.51469366896384,8.736985934663451,38.95892221864375,27.233504984221415,27.561332682146045,0.19302138209808484,26.019024176432914,-4.676482730665638
Location_D,2019-09-01,15.234132214618082,61.10171300638195,59.008141530831246,4.86000493797603,33.08799546938204,22.62434433853684,8.07508237809364,0.8820993550305954,20.295020595179746,2.7741909856340086
Location_D,2019-10-01,28.04583297183879,82.28021814949534,138.49856533384505,4.299310773901482,36.9186648957773,36.52287045532511,12.657837469455316,1.2045792238891107,23.392585492047466,-0.8341700172002356
Location_D,2019-11-01,31.44844747336557,82.8781168830642,183.32704716824145,4.309852205132962,22.754672732845552,54.93192479564683,14.279310585940689,0.9415038335203261,31.16757587931474,-1.265943338517717
Location_D,2019-12-01,22.491057740402425,48.34301008493764,86.1058676924415,1.4259414408190874,45.60388140735233,40.75264764427145,8.861493680583095,0.13562686386805123,29.374671588594527,1.9187416744549577
Location_D,2020-01-01,21.812083331625836,43.58559444238255,81.9257789790464,3.1121749506339356,37.084825589400374,56.346754967161424,14.1148432049385,0.4050495759569861,39.64107898466776,0.0928335897017799
Location_D,2020-02-01,28.765484715604742,47.02764837891804,97.11793993187956,0.27536719869465487,30.218204716417997,77.84104442706214,14.605167824645006,0.15459441760487622,10.928673727580305,1.0745263896807886
Location_D,2020-03-01,18.20049872926388,41.167604816409295,151.24272279003537,4.585230088818907,21.569790878906183,74.00499098098885,7.90347400501314,1.438286360537447,19.419001521320585,0.9020708144312405
Location_D,2020-04-01,27.058857529589233,81.33536798707436,196.80263264209285,2.8840543781874572,48.44541941630372,43.36891369414522,14.637797618423058,0.5765419459563079,26.242228220427556,-2.2632062864746176
Location_D,2020-05-01,26.074229707160224,67.0852406205002,152.380362520974,8.336499619375855,27.617654012496963,38.13999496108963,11.48337243292736,0.3724733713868207,11.729427465970746,2.6085129033884806
Location_D,2020-06-01,20.404953842615665,88.32086929332037,111.54176525000878,3.4727703903050755,33.21870403974784,28.35180208074173,16.101093730055073,0.9767280499894893,24.66693495377354,-5.2942006570607845
Location_D,2020-07-01,34.87696777799397,84.01573810744635,124.68119163188803,5.693773611822827,34.826419192983366,32.078726469345995,14.878443581607964,0.15524334604725903,24.2663811246048,-3.335934802973138
Location_D,2020-08-01,19.554994722064194,88.20144235827568,181.8909221874484,7.221432354559059,31.335465150614503,72.19814957886109,8.266308595586572,1.206713711984839,13.744624419005449,-3.6669801260216452
Location_D,2020-09-01,20.51535136502714,83.85452905090945,188.80841876507958,1.4879596940511564,28.50702420261574,78.8592426897611,17.085185899328664,1.3089665315203631,27.661945663939594,-2.562466821659866
Location_D,2020-10-01,20.715671110517405,50.16115455430436,152.35963827553945,3.8654050682302787,30.451018488030044,49.53952880007091,19.43197573082828,1.3118080038743731,39.422180307502884,2.0296271526548546
Location_D,2020-11-01,31.55037844212606,78.22638973273588,114.70579029111465,9.56047143611933,18.018980621136112,26.555852618577283,26.349049173885554,0.7148097432872476,35.40906562621181,0.8778420586337427
Location_D,2020-12-01,16.24915187238143,84.17323814930303,89.66381107388443,5.104324890042323,35.06370044372841,75.58295640380521,5.477902360744101,0.7675808556449438,30.63166127291682,-2.748840959773551
Location_D,2021-01-01,28.85064863074216,46.72175647040609,59.87911767433624,3.587155254170135,42.1774883071802,36.72559234487318,10.267624096680079,1.4404272266533347,10.265898553404067,2.4352396872208213
Location_D,2021-02-01,28.536425977147914,81.42346497245586,58.92387926923863,0.14315277667059978,39.5147807424612,70.04867582004054,23.51190329883798,0.299990402221174,32.60283766770907,-1.1387385063473856
Location_D,2021-03-01,28.1708103134011,78.30579663977932,169.18428793554642,6.136041142374584,13.544188558787162,49.25766858003265,6.941233366790127,0.6705602434454031,22.21319467376883,-0.7479074193504529
Location_D,2021-04-01,21.976410679389588,45.54990493956574,161.64704200184443,9.476880259644707,12.892659010317544,77.30691243750209,18.06441498341863,0.5193919491354234,12.305862258284906,1.69213728782698
Location_D,2021-05-01,30.890310889814973,75.35432386333491,10.045202292794752,0.7290183536790351,26.114931305305483,37.717429642876596,10.809608076401195,0.49340629847219897,34.10448229890654,1.5030052287009266
Location_D,2021-06-01,23.10205389055133,85.30555010662485,64.2991402495764,4.764369863437916,19.04115991263999,58.428562530550636,29.47452787937022,0.94489033446073,20.734422523406465,-2.8503510941597576
Location_D,2021-07-01,17.45841356930775,84.43295401326993,100.61679015596727,4.49349742039642,33.434591538140765,57.487031767364144,6.7943951556628255,1.0556641097127633,17.257950409465888,-2.630141611081487
Location_D,2021-08-01,31.450695887683935,80.197925377626,110.50019348157782,5.201698923107512,15.715038453576469,66.52076902418813,11.78523451116786,0.7953735919451251,18.528222787825502,-1.9738437277315506
Location_D,2021-09-01,27.591153937834733,42.71660174114519,149.72904682524,3.1758679526111666,10.005387720179414,50.66774835423379,6.171297713190079,0.48663738094925924,31.209294623671486,-0.37940597358111083
Location_D,2021-10-01,31.78676984712005,40.19099613292916,49.36477384038045,7.409040561520714,22.65080598917227,26.113543283960812,14.005847970010697,0.4785506009383357,35.281357064816646,-1.7907757691602757
Location_D,2021-11-01,30.778649435520144,84.59360724053673,86.76348391530591,9.09943143854392,25.092722158527714,77.8447049894065,7.232238113139323,1.0618269731045398,24.81442121370786,-3.359796052362655
Location_D,2021-12-01,27.65423757497202,75.19285458171656,0.8726539300618175,1.6695308874719872,38.52184202537275,59.98312481469239,29.15118762821693,1.165452906351096,38.52318123194014,0.6713579830093133
Location_D,2022-01-01,20.961044172788863,45.268246112542826,156.36477266898711,6.441492214759159,11.92744049573185,41.6030279540587,28.919995387107154,0.8005616039942817,22.98187408059114,1.2937965472893849
Location_D,2022-02-01,19.177654480103275,58.43535854323976,73.96265119743532,0.523550201874724,40.70270514071673,44.99026591423274,25.55449717041058,1.2904872015678535,16.359821640959744,2.908796525566379
Location_D,2022-03-01,24.445636083259636,84.00783689607425,43.14813583529082,6.778132003100442,34.310084890108904,37.718088654309966,8.415022591279316,1.012295664668187,32.15792374396992,-3.374564731055347
Location_D,2022-04-01,27.896652080446277,59.75654538057516,142.64137665652353,1.992152748940531,45.608600105446975,37.244575787934785,14.194649693903823,0.1813287329124897,13.345366369638292,3.1221754581028938
Location_D,2022-05-01,20.35185353455943,81.77401128710972,2.9386777309907686,3.7909404867193617,23.493821870763707,21.15965785505606,8.109209975012757,0.6790997448860893,24.7859375334234,-2.28053423769953
Location_D,2022-06-01,25.61875356824188,69.75658374528408,1.984764225567126,4.640951594535039,48.53996963550353,51.14193680777292,21.93855668647383,0.5366094010836364,33.21974134458287,2.1827654836118366
Location_D,2022-07-01,25.42592095308278,88.80069116396068,25.110042952530677,0.16947664889580993,40.80632847028384,68.42933224189295,8.005180728014405,0.47181596614204846,10.526570900998868,-6.18731453138265
Location_D,2022-08-01,30.46283747837343,65.89802638562895,69.61911863365762,3.717392949063303,10.054145028618727,37.98803165391415,21.161468540948263,1.4638722213429,35.411824809516986,1.3598898155160513
Location_D,2022-09-01,32.97121209349679,79.15992066493129,156.07522471419608,4.579957590035715,25.920211718180113,38.174943729991554,6.642371473859145,0.4195295088911787,17.39810904934074,-0.6586484376603149
Location_D,2022-10-01,29.948888131933877,63.69049141989733,11.568889889432121,9.57789800988204,47.70897276376449,67.1113725889045,29.783197539105515,0.8622752659203681,38.88305050759618,0.6515359340037501
Location_D,2022-11-01,22.313614965227426,51.26906340033829,39.166616826854,1.4080294889267608,34.896545662639866,66.8793113448383,19.45745998550902,0.30574779342349356,34.333713098004125,2.376732507893944
Location_D,2022-12-01,22.76331412253991,73.70651477680315,51.98099584856657,3.451922084942105,46.69943372527961,37.43027034028522,16.749706703948416,1.3461975923544205,31.231640508025823,-0.5836841942196598
Location_D,2023-01-01,17.946060885579406,40.392079538595844,126.18435804583268,4.4767342541041835,15.370994036091021,77.47604726340623,18.241493098640497,0.4386506117580449,25.018107134641227,-0.16233804178078393
Location_D,2023-02-01,16.52478435947129,53.7351907523946,161.39309817679873,4.596648704026612,31.863085681291796,45.96896013256816,6.097498566075128,0.3320496917482183,23.36624916225673,1.625514037197744
Location_D,2023-03-01,15.999580573193574,82.18248320259119,196.23850583282317,7.931428739967394,44.15139686818668,34.518627819022726,29.015674387829993,0.3756959862347997,38.54289431085497,-0.93823537909681
Location_D,2023-04-01,29.234456114920974,89.0571865895911,113.90795591342074,2.595417831760903,27.479835426624835,55.61365612272716,6.827039050675374,0.9712805704641445,39.435335102868834,-6.1005114810360075
Location_D,2023-05-01,30.851902325767668,85.39493968898097,188.74031856404417,9.601356044054473,30.858385548858877,78.63847447949021,23.93275517836097,0.3263400107317467,24.307003194039098,-2.549277370197613
Location_D,2023-06-01,19.946806316381668,72.03075917744437,133.32009580932385,1.6269974380856589,32.60341249811025,66.29761465871647,17.47239161339855,0.1169443634865504,10.271154072378765,1.2081570169622444
Location_D,2023-07-01,33.52388136863564,51.43383898018044,126.87273777433742,2.2207587069332058,22.866799586381944,70.88252537608903,23.221536056748672,0.23355898823849489,22.86106062959301,0.5719649454718557
Location_D,2023-08-01,24.61780293206018,73.1217005850534,23.700524719630312,2.8888493890916567,25.913465020086278,75.17186147936299,29.831375385574102,0.1628758185938622,32.83023770486176,0.6938407601223885
Location_D,2023-09-01,22.8491637245896,77.71324866735114,183.68528642908174,9.509285945025484,33.08490344153283,41.42726955803017,24.688727146469482,0.4514019365672204,26.92222086500553,-0.09827627392570482
Location_D,2023-10-01,28.132621474157524,52.019945644675346,38.31858914696515,9.182390866754371,14.072147317981475,50.3574744640959,10.521319574075223,0.15450194865593442,11.080564548742792,1.5956562718090375
Location_D,2023-11-01,32.33540709012,54.12393719885134,190.09183411505916,5.816222929891936,27.464567590750644,54.80533008016727,17.917459630656694,1.1622867552602552,18.474881979185568,2.3977812850463645
Location_D,2023-12-01,32.88188605066502,87.32282565752027,178.5116454972949,4.194479939573136,41.21462012027527,48.58014399806593,17.438496303652556,0.3865521526801975,27.733909097755493,-5.63432074096467
Location_E,2018-01-01,21.631293981343873,82.75151008099675,41.415161842171045,0.7115828517343281,12.760303704512651,76.44707123018648,17.673010949045867,0.6731769005438256,34.32635743023755,-1.007176502696577
Location_E,2018-02-01,21.64382066231209,74.68090287368976,154.2245631703773,6.546506868659545,16.063802992003975,72.55298501102342,18.477363818400217,0.49546139691800517,22.756845563130817,0.10985789969017201
Location_E,2018-03-01,17.55733602444835,78.27733752579304,0.002326951073228223,4.165658284822921,30.900407243423537,23.278065200058336,29.326954074308322,0.4165754637495407,19.125961589088426,-1.8939816549384747
Location_E,2018-04-01,19.608333242346998,40.07369110431557,145.86895881759926,9.668454997992853,18.971739331401803,59.78283150820535,23.547408173967877,1.2877955307267346,22.678875910408273,-1.238049923676559
Location_E,2018-05-01,21.505902680460622,75.63106665492563,163.3558933011272,1.8161396775660266,24.83764032631061,74.116411804949,25.16733799236848,1.4788017638674662,32.627447790462426,0.6825492746481031
Location_E,2018-06-01,26.812756679892757,73.05071271236602,15.69116326342479,5.444969591038651,38.37283313890438,30.039278240063624,24.515792935638927,0.9172818927197562,38.56665357092784,-0.5429637720087567
Location_E,2018-07-01,20.30652275110934,70.0776939649912,59.31198244118614,7.144241640712422,40.36021130087724,26.150957843988465,17.846361605169193,0.8124467778274782,21.078423106466232,2.8737802144669677
Location_E,2018-08-01,31.550126397464425,74.86046909548185,142.8653271469995,4.617161438131191,46.83978084386303,61.675725635197125,23.22452654139541,1.3063672653022833,18.222147680265728,1.3291214894385788
Location_E,2018-09-01,18.904812059129842,57.26709761224439,67.12209085396854,9.785254683891406,44.26148894991707,62.07019169541559,23.176419040384754,0.8869019121635995,38.41272001325557,2.2611920285594453
Location_E,2018-10-01,22.61035419739789,48.15176684657955,157.2411304522116,7.344439320755915,25.374201540965394,21.51160483755376,25.974933192950267,0.11598517683570309,31.110993388871528,3.468833259493364
Location_E,2018-11-01,23.75322656296407,51.74867024979764,140.97420200867634,8.171281420155852,31.857212643113893,78.02211651536877,6.291718041449028,0.8067138376263393,31.553618419676503,3.8963421237154217
Location_E,2018-12-01,18.5851122381558,80.00017408818407,110.54141514370906,3.965536819899632,15.268601143163743,71.91774553453475,8.931830204492883,0.5337030028927389,18.701365958873104,0.3606813678356253
Location_E,2019-01-01,28.45405988417796,79.83406985956861,50.09357975849979,6.248740996069989,32.86983932574995,69.96982260729627,27.652176512031513,0.11701948006834154,30.22059757176378,-2.5811518242609846
Location_E,2019-02-01,25.97717330154712,54.38163645218391,61.35531990442824,3.5295850345235658,34.85169796198441,40.042997940126156,23.31747626475701,0.6663383398034175,12.050596009298758,3.4026386389203545
Location_E,2019-03-01,20.71516649185412,61.63834397996313,137.08877664438032,3.32456157148712,12.263426245868626,42.43526282076881,28.611214567357585,0.9984281562179814,30.14437446001621,3.840469981651761
Location_E,2019-04-01,18.979842779188736,60.91669320511401,150.18795967266365,1.0137289755315915,21.11411104358849,36.579146507951215,15.80047318986265,1.472516237319059,12.025076400514658,3.3559296347788248
Location_E,2019-05-01,18.58729364024421,88.53382727048721,22.66070094549284,4.036010023615912,39.51539939338424,62.27326568164672,15.568215922348307,0.5851338351338055,21.92837135658612,-6.5928788684723045
Location_E,2019-06-01,19.106658774135994,64.1519848779445,53.706751213521464,2.874616648972501,36.27024253898228,78.11223990199353,20.090930013984377,0.2077712538909528,12.267508415622009,3.6767847753733354
Location_E,2019-07-01,20.945815806146673,44.60334930412377,119.8089174300763,6.236487782902661,35.940192804747525,36.04412167145248,5.377767105361876,1.4510215172362606,17.526791370733076,1.3196093028742921
Location_E,2019-08-01,29.13259739757419,70.50037085397429,62.581478842729645,2.7109625376406576,33.90673130810812,71.9657380167015,28.66834322308489,0.24826812616526067,14.644858377931595,2.908936618955579
Location_E,2019-09-01,29.730704566695852,84.14969124148865,40.52652682706863,5.875858711094018,38.04558377669895,60.80671312681836,15.203792271667453,0.12155284836783187,27.487781704127894,-4.006883874142392
Location_E,2019-10-01,24.005084922857804,87.87905075419087,79.80706352848695,8.398016066644267,17.541624229970047,60.34762988150173,29.425173860973587,0.24265034122211152,10.24959826681576,-4.727613797323613
Location_E,2019-11-01,16.852509661027344,77.41921748381156,182.90973276971178,4.340209727087588,20.348465686217637,46.06419914039658,23.086195446250024,0.11267582621251937,27.683619684540915,0.4184850846040502
Location_E,2019-12-01,27.75376493791871,52.10110399904386,142.81054467562535,0.9139148633177641,17.970813458672033,72.64820279926892,23.46807876816416,0.11924377561588335,17.451287811094005,2.063417321830225
Location_E,2020-01-01,20.41612656073945,52.377988513994325,12.505259148569149,4.589405165968204,39.30933899144661,56.403903483046186,21.821791714951996,0.2136088499507348,38.54472130530362,2.782527552293861
Location_E,2020-02-01,31.101806369913255,81.14919025208837,186.54210162655227,5.442539661136977,18.011280714705038,57.00701647115247,23.572037341698476,1.1330843506956356,25.643470725006402,-2.3030622145270283
Location_E,2020-03-01,22.422258768602557,86.03833042316786,116.8897819514852,5.383319432557134,20.754140575287742,42.10693519499473,27.38365222882923,1.03304826653757,33.62161080256999,-3.5878281656548117
Location_E,2020-04-01,27.60494438912316,52.41918043716038,141.09216605669727,4.276013337033373,27.701820592589822,58.9593394746129,28.407015536723165,0.1896088852520693,34.74229712041023,2.101957989153476
Location_E,2020-05-01,23.878389090127556,41.09566643875045,60.2092155668626,5.026312426301304,12.24704309389756,49.46574376298991,28.177765721460684,0.2475505053509273,32.93322184226513,-0.5829776654115776
Location_E,2020-06-01,28.10347429048676,53.01182989926147,31.898452508271657,1.6046261427122643,12.819677825725787,31.13880229407458,21.605484624724205,1.3343668565809113,34.423770567734856,3.1577860491173704
Location_E,2020-07-01,17.208637268222052,54.45937231479749,61.961375064493794,2.4995694639762123,30.600226388388926,52.13322889278035,13.922149379277755,0.5953048222310104,34.856667937182436,3.0124205150792616
Location_E,2020-08-01,21.155916633614915,85.68942219366296,190.5630034005012,3.267425420300408,24.176997951722193,50.33804920531753,28.528020313341838,1.3268472063992363,13.077038877507693,-3.385046811070925
Location_E,2020-09-01,26.067423794995435,65.156623627577,38.77261358737854,8.588167711681546,37.07763131987349,70.27450249110822,26.469106983736804,1.1476981951320357,23.17631803749152,2.74195802880225
Location_E,2020-10-01,18.207308122394863,73.68227087374538,35.85065114785615,6.939495905101568,19.183926430158746,27.0530780090132,9.132112253573936,0.10278898930669839,31.56218853560591,1.5680047597092643
Location_E,2020-11-01,25.29866699826519,48.06814005276918,16.71086750213795,0.1912896643728701,16.62992707860883,73.45133209898881,11.038421042542044,0.5959798581041019,13.160364534439996,0.8830706619957658
Location_E,2020-12-01,25.384491415604103,70.38763415478263,49.07046283324221,0.5773215922511721,25.641314765095945,34.05220225558005,10.488848080745049,1.4438079237988373,28.489014577771723,2.2177650977503305
Location_E,2021-01-01,23.315502070466437,61.44721667150721,108.18100076761617,6.964298070361073,38.08584384727318,30.301634462326973,17.502818801915673,0.6767413330477426,36.115808988081525,3.449097008839677
Location_E,2021-02-01,25.650081328319636,45.76973210894587,121.1275778646823,1.1720390568023342,23.488263022630083,28.57051788885991,22.301841175609223,0.3887529593706136,21.75578119564078,2.5706472501250923
Location_E,2021-03-01,19.086327667979404,65.39025319793896,83.8543322332044,0.18124041045729733,41.71032454291251,24.142754378875985,16.85637552442384,0.8849496129145299,28.852793698437612,2.8421328031031887
Location_E,2021-04-01,20.0654476704543,40.49893883292247,144.6887324709824,5.356565993475786,43.44470812828995,69.28330177404166,26.08315419469708,0.7791325239713561,20.008851875105968,-0.07801936773498963
Location_E,2021-05-01,24.0258822605851,49.17210982017173,170.99480391229486,8.825598767723474,28.652390245606803,24.541983638587247,14.695652247923281,1.2249527232476447,37.05322085638686,1.563466808496249
Location_E,2021-06-01,16.33947224050543,83.86752265664194,77.88098779577506,5.417609642675632,48.722632482030356,23.99388367485337,21.20795018630239,0.2037475916048139,21.26406785399501,-2.832317365327338
Location_E,2021-07-01,23.669444655112688,89.85911769514752,111.81185698932043,3.2116215263595347,18.804453036190125,41.03123205716971,14.31333184398877,0.19619914881354536,21.087225982803197,-5.500820405584212
Location_E,2021-08-01,29.454755044776093,72.83647423608039,141.75313104583086,0.08363681876857099,18.706695983221444,59.70105730399139,17.09973420449368,0.10743886593568433,34.13483927295467,2.6358639801656634
Location_E,2021-09-01,25.968383259871253,43.3231662888136,153.30300990651693,5.8371358773136395,41.278399086318366,65.10481954375042,25.07505179894593,0.8252112929664747,14.20973554580545,0.9131234822702041
Location_E,2021-10-01,27.409475701039412,77.11265935995436,33.97620121014706,1.9497519990028922,45.61638068877314,64.99866790712426,27.705712217508072,1.162201449629489,27.914659179709055,-0.043592354053518134
Location_E,2021-11-01,32.7825584788002,68.94033772559703,126.47826486567749,1.5647671600360058,28.95684880464411,62.98382671748594,11.773567457909135,0.3831558527343488,19.414804246732466,1.2550420063981302
Location_E,2021-12-01,19.298252740727918,61.24254214340435,181.56770277670682,5.070596467387183,17.51681523261292,24.618300162852442,22.40390362844813,0.6359182702109429,34.65492839756078,3.9714571510015784
Location_E,2022-01-01,30.92482901082737,53.59730197092244,138.4717844922116,2.640619846937188,47.56273917801166,58.18245689200246,13.112795004383552,0.4773166072091817,15.727797552149305,2.9329176569472204
Location_E,2022-02-01,19.374312259958547,69.76516329637445,52.92700538507147,6.619689447938686,42.59758914162157,66.68151458867919,24.021283273269542,0.3628113679691529,12.651548409535561,1.9992491292892725
Location_E,2022-03-01,22.366944275887025,61.61731132016736,6.229818558678213,2.595764492750492,11.34705615497856,72.75114635607486,11.084917080463262,0.8802720374022112,11.169379619833911,3.5984141892799064
Location_E,2022-04-01,21.460546915081878,84.89595934788329,177.62363778680717,3.252906183617478,46.03843582761871,79.76946040992672,25.6353916030987,1.2828198868573206,17.470262083272697,-2.882262446993995
Location_E,2022-05-01,16.345118279347357,44.745896841083486,199.7785224066581,3.2663924942591094,39.92735648195385,68.39990318160899,26.45058177518073,1.4966796163630192,17.244894557706036,-1.0190542625920351
Location_E,2022-06-01,23.22383035989172,46.504033491447345,4.485177832411025,3.604268271414861,41.34953004300946,53.97084147350425,12.819449730258851,1.0160788076898075,16.96054540926432,-0.7425737766886408
Location_E,2022-07-01,30.287067728728548,71.18715424320045,152.46052490019198,0.3893801668766561,43.48478511322609,57.1715720021782,19.084883767816002,0.9744596673603442,35.93299740605092,1.931512551941792
Location_E,2022-08-01,26.619007597763584,89.53395785328829,151.3460334137136,4.422938054511353,38.29588000131711,43.353828301507306,10.721886562087475,0.9355926276428631,37.84546294341854,-4.077746259346511
Location_E,2022-09-01,21.838105562109806,66.38387331108476,42.32717971397224,9.956311094988834,49.24471631471743,58.97053578244684,25.110351491936836,1.10114022579718,27.794746571184046,0.6281678994394255
Location_E,2022-10-01,24.09528685105322,73.73931510837053,135.50632277673694,3.7312261842238357,47.667679466321225,30.04142193420686,17.508986155389017,1.0672375671711518,30.914074176754276,1.599132178020057
Location_E,2022-11-01,20.505764269037204,47.8103284343311,127.18806536534217,5.993021161394378,17.174240411569638,62.3083487342338,16.37929979334141,1.0348648282444142,35.12101239310452,0.9499853295492767
Location_E,2022-12-01,15.382897359936734,78.95512931978934,121.93948503052319,6.996395696221217,43.5261989995457,68.16865608947003,29.023003673220618,0.8503091103929654,24.65486897979716,-1.8632508990928058
Location_E,2023-01-01,18.07382085688409,68.63036164410113,55.40250486519576,9.213075122129755,33.327632171083906,55.57041083048661,13.873116521925251,0.17278509276879048,10.952312961189659,1.5171831518395833
Location_E,2023-02-01,16.691307561944758,70.34234777700695,176.1946011279315,8.829148165187222,36.3618164052893,32.67390988837586,26.574920783971802,1.3405308094384913,15.899607548588762,2.340280451298616
Location_E,2023-03-01,20.73039097854246,80.13201561764649,199.44757998072055,0.30026005329392813,45.894634631637274,57.357832015919485,29.334565479120528,0.7510133245369985,35.42163791714121,-2.2620943819782533
Location_E,2023-04-01,21.705581001565914,43.3508268875605,195.06862669581412,8.169739072718368,44.10189684983882,76.27791388603364,7.127587152994634,0.6398366295186666,12.131046671320064,-0.2260729890497849
Location_E,2023-05-01,19.587315540753448,63.455360552378934,53.712433490728515,1.009781068177611,16.699643563764308,28.836533813125456,29.326919947807458,1.163009509685863,39.03284395808686,2.548154860200952
Location_E,2023-06-01,20.567369633253133,79.91465986045932,65.25078360822936,2.9938337370534827,19.300239688313248,27.780738693454122,11.41157652541915,0.5974476478634427,30.219826244371912,-2.148591007580918
Location_E,2023-07-01,19.21013879330686,80.45118201458382,29.384384716754152,3.4264514652252154,44.5863568743256,29.29551866860656,7.068420890454748,0.7783531931120151,19.07258533835609,-1.6429977152197952
Location_E,2023-08-01,31.076097809669502,46.857424407637154,116.139816910857,5.055087603898639,15.763151440527983,57.43990913173894,11.841010446519292,0.7829680459616174,12.468169728311857,1.4293155449829797
Location_E,2023-09-01,21.129269360856405,81.11906055926772,11.395745399473656,4.1860727491833,28.33725696525752,63.500364577947124,19.357189377255274,1.0340972720718535,33.31147856955268,-0.7267021309739938
Location_E,2023-10-01,21.277509934449412,66.90113526819515,168.02161568783998,9.894511309650564,45.580772441750526,42.28803575746261,9.879162930466261,0.7851495523692241,32.249243555081264,2.692582209778922
Location_E,2023-11-01,24.66361726627337,81.91152105409003,72.28075581343727,8.597946748116456,26.272192038068944,39.69398634070036,16.349747779992477,1.1674257421448158,13.780060835919828,-2.5405589743518666
Location_E,2023-12-01,34.02889651326184,48.77458136906787,113.54546358621091,5.793144666619378,29.58497848200979,58.68471491460912,10.74566814494046,0.8737271748874474,21.165197657406914,1.7782628888603207
